HourUTC;HourDK;PriceArea;ForecastType;ForecastDayAhead;ForecastIntraday;Forecast5Hour;Forecast1Hour;ForecastCurrent;TimestampUTC;TimestampDK
2024-02-29 23:00;2024-03-01 00:00;DK2;Onshore Wind;285,541656;322,416656;304,125000;293,791656;322,416656;2024-02-29 22:58;2024-02-29 23:58
2024-03-01 00:00;2024-03-01 01:00;DK2;Onshore Wind;270,083344;327,458344;279,750000;291,666656;327,458344;2024-03-01 00:03;2024-03-01 01:03
2024-03-01 01:00;2024-03-01 02:00;DK2;Onshore Wind;252,625000;316,916656;262,375000;301,833344;316,916656;2024-03-01 00:58;2024-03-01 01:58
2024-03-01 02:00;2024-03-01 03:00;DK2;Onshore Wind;236,875000;292,291656;252,041672;298,750000;292,291656;2024-03-01 01:58;2024-03-01 02:58
2024-03-01 03:00;2024-03-01 04:00;DK2;Onshore Wind;228,666672;301,083344;253,000000;276,041656;301,083344;2024-03-01 03:03;2024-03-01 04:03
2024-03-01 04:00;2024-03-01 05:00;DK2;Onshore Wind;217,916672;279,333344;262,958344;281,833344;279,333344;2024-03-01 03:58;2024-03-01 04:58
2024-03-01 05:00;2024-03-01 06:00;DK2;Onshore Wind;199,750000;266,625000;244,916672;245,375000;266,625000;2024-03-01 04:58;2024-03-01 05:58
2024-03-01 06:00;2024-03-01 07:00;DK2;Onshore Wind;181,083328;264,500000;223,291672;237,916672;264,500000;2024-03-01 06:03;2024-03-01 07:03
2024-03-01 07:00;2024-03-01 08:00;DK2;Onshore Wind;196,000000;256,500000;232,416672;265,625000;256,500000;2024-03-01 06:58;2024-03-01 07:58
2024-03-01 08:00;2024-03-01 09:00;DK2;Onshore Wind;191,333328;245,083328;236,625000;245,083328;240,500000;2024-03-01 07:58;2024-03-01 08:58
2024-03-01 09:00;2024-03-01 10:00;DK2;Onshore Wind;170,500000;228,125000;216,583328;213,375000;234,958328;2024-03-01 09:03;2024-03-01 10:03
2024-03-01 10:00;2024-03-01 11:00;DK2;Onshore Wind;145,208328;203,708328;208,041672;197,333328;223,416672;2024-03-01 09:58;2024-03-01 10:58
2024-03-01 11:00;2024-03-01 12:00;DK2;Onshore Wind;126,916664;188,083328;197,000000;198,916672;188,208328;2024-03-01 10:58;2024-03-01 11:58
2024-03-01 12:00;2024-03-01 13:00;DK2;Onshore Wind;114,708336;173,958328;173,958328;164,916672;181,041672;2024-03-01 12:03;2024-03-01 13:03
2024-03-01 13:00;2024-03-01 14:00;DK2;Onshore Wind;102,333336;150,791672;142,250000;151,791672;154,833328;2024-03-01 13:01;2024-03-01 14:01
2024-03-01 14:00;2024-03-01 15:00;DK2;Onshore Wind;86,333336;131,000000;131,291672;126,750000;128,750000;2024-03-01 14:01;2024-03-01 15:01
2024-03-01 15:00;2024-03-01 16:00;DK2;Onshore Wind;73,375000;117,416664;124,541664;109,000000;109,416664;2024-03-01 15:01;2024-03-01 16:01
2024-03-01 16:00;2024-03-01 17:00;DK2;Onshore Wind;61,083332;108,000000;101,666664;97,125000;83,000000;2024-03-01 16:01;2024-03-01 17:01
2024-03-01 17:00;2024-03-01 18:00;DK2;Onshore Wind;51,708332;92,500000;101,708336;74,458336;79,500000;2024-03-01 16:57;2024-03-01 17:57
2024-03-01 18:00;2024-03-01 19:00;DK2;Onshore Wind;57,250000;89,375000;105,375000;84,875000;120,000000;2024-03-01 18:03;2024-03-01 19:03
2024-03-01 19:00;2024-03-01 20:00;DK2;Onshore Wind;70,791664;98,791664;115,375000;120,250000;160,166672;2024-03-01 18:58;2024-03-01 19:58
2024-03-01 20:00;2024-03-01 21:00;DK2;Onshore Wind;77,583336;102,208336;111,541664;147,375000;156,458328;2024-03-01 19:58;2024-03-01 20:58
2024-03-01 21:00;2024-03-01 22:00;DK2;Onshore Wind;70,500000;97,458336;92,458336;131,791672;114,208336;2024-03-01 21:03;2024-03-01 22:03
2024-03-01 22:00;2024-03-01 23:00;DK2;Onshore Wind;58,416668;74,250000;71,916664;92,083336;69,916664;2024-03-01 21:58;2024-03-01 22:58
2024-03-01 23:00;2024-03-02 00:00;DK2;Onshore Wind;64,875000;88,041664;71,541664;65,375000;88,041664;2024-03-01 22:58;2024-03-01 23:58
2024-03-02 00:00;2024-03-02 01:00;DK2;Onshore Wind;64,750000;78,791664;87,708336;83,083336;78,791664;2024-03-02 00:03;2024-03-02 01:03
2024-03-02 01:00;2024-03-02 02:00;DK2;Onshore Wind;77,791664;97,208336;105,083336;82,666664;97,208336;2024-03-02 00:58;2024-03-02 01:58
2024-03-02 02:00;2024-03-02 03:00;DK2;Onshore Wind;91,375000;106,208336;105,333336;103,916664;106,208336;2024-03-02 01:58;2024-03-02 02:58
2024-03-02 03:00;2024-03-02 04:00;DK2;Onshore Wind;86,291664;118,791664;87,166664;109,791664;118,791664;2024-03-02 03:03;2024-03-02 04:03
2024-03-02 04:00;2024-03-02 05:00;DK2;Onshore Wind;72,833336;114,500000;90,791664;105,875000;114,500000;2024-03-02 03:58;2024-03-02 04:58
2024-03-02 05:00;2024-03-02 06:00;DK2;Onshore Wind;62,458332;93,041664;76,375000;94,583336;93,041664;2024-03-02 04:58;2024-03-02 05:58
2024-03-02 06:00;2024-03-02 07:00;DK2;Onshore Wind;54,333332;110,333336;76,000000;85,208336;110,333336;2024-03-02 06:03;2024-03-02 07:03
2024-03-02 07:00;2024-03-02 08:00;DK2;Onshore Wind;57,791668;115,375000;92,875000;116,958336;115,375000;2024-03-02 06:58;2024-03-02 07:58
2024-03-02 08:00;2024-03-02 09:00;DK2;Onshore Wind;59,625000;110,333336;93,416664;110,333336;115,500000;2024-03-02 07:58;2024-03-02 08:58
2024-03-02 09:00;2024-03-02 10:00;DK2;Onshore Wind;56,916668;97,083336;93,750000;97,000000;93,083336;2024-03-02 09:03;2024-03-02 10:03
2024-03-02 10:00;2024-03-02 11:00;DK2;Onshore Wind;56,125000;92,375000;84,958336;85,041664;84,083336;2024-03-02 10:01;2024-03-02 11:01
2024-03-02 11:00;2024-03-02 12:00;DK2;Onshore Wind;49,416668;79,250000;82,500000;78,625000;72,333336;2024-03-02 10:57;2024-03-02 11:57
2024-03-02 12:00;2024-03-02 13:00;DK2;Onshore Wind;44,250000;71,000000;71,000000;66,708336;80,958336;2024-03-02 12:01;2024-03-02 13:01
2024-03-02 13:00;2024-03-02 14:00;DK2;Onshore Wind;41,375000;70,416664;68,375000;70,875000;59,333332;2024-03-02 13:01;2024-03-02 14:01
2024-03-02 14:00;2024-03-02 15:00;DK2;Onshore Wind;40,000000;74,958336;69,125000;57,708332;52,500000;2024-03-02 13:58;2024-03-02 14:58
2024-03-02 15:00;2024-03-02 16:00;DK2;Onshore Wind;42,333332;81,500000;77,583336;57,416668;66,708336;2024-03-02 15:03;2024-03-02 16:03
2024-03-02 16:00;2024-03-02 17:00;DK2;Onshore Wind;51,625000;91,458336;77,708336;74,041664;71,916664;2024-03-02 15:58;2024-03-02 16:58
2024-03-02 17:00;2024-03-02 18:00;DK2;Onshore Wind;58,041668;94,708336;90,500000;79,708336;88,041664;2024-03-02 16:58;2024-03-02 17:58
2024-03-02 18:00;2024-03-02 19:00;DK2;Onshore Wind;70,083336;97,583336;94,833336;108,208336;119,916664;2024-03-02 18:03;2024-03-02 19:03
2024-03-02 19:00;2024-03-02 20:00;DK2;Onshore Wind;85,208336;114,458336;109,791664;131,708328;145,333328;2024-03-02 18:58;2024-03-02 19:58
2024-03-02 20:00;2024-03-02 21:00;DK2;Onshore Wind;87,833336;123,166664;128,166672;145,541672;134,750000;2024-03-02 19:58;2024-03-02 20:58
2024-03-02 21:00;2024-03-02 22:00;DK2;Onshore Wind;86,291664;122,333336;134,291672;133,833328;146,375000;2024-03-02 21:03;2024-03-02 22:03
2024-03-02 22:00;2024-03-02 23:00;DK2;Onshore Wind;87,333336;114,458336;145,125000;146,000000;107,083336;2024-03-02 21:58;2024-03-02 22:58
2024-03-02 23:00;2024-03-03 00:00;DK2;Onshore Wind;148,250000;121,250000;148,458328;118,041664;121,250000;2024-03-02 22:58;2024-03-02 23:58
2024-03-03 00:00;2024-03-03 01:00;DK2;Onshore Wind;136,416672;128,541672;141,041672;110,500000;128,541672;2024-03-03 00:03;2024-03-03 01:03
2024-03-03 01:00;2024-03-03 02:00;DK2;Onshore Wind;125,125000;117,625000;125,291664;113,458336;117,625000;2024-03-03 00:58;2024-03-03 01:58
2024-03-03 02:00;2024-03-03 03:00;DK2;Onshore Wind;122,666664;125,166664;136,458328;115,125000;125,166664;2024-03-03 01:58;2024-03-03 02:58
2024-03-03 03:00;2024-03-03 04:00;DK2;Onshore Wind;124,666664;110,291664;116,000000;125,333336;110,291664;2024-03-03 03:01;2024-03-03 04:01
2024-03-03 04:00;2024-03-03 05:00;DK2;Onshore Wind;124,333336;117,500000;124,375000;117,250000;117,500000;2024-03-03 03:58;2024-03-03 04:58
2024-03-03 05:00;2024-03-03 06:00;DK2;Onshore Wind;129,833328;133,500000;128,125000;113,625000;133,500000;2024-03-03 04:58;2024-03-03 05:58
2024-03-03 06:00;2024-03-03 07:00;DK2;Onshore Wind;139,875000;177,750000;134,208328;136,291672;177,750000;2024-03-03 06:03;2024-03-03 07:03
2024-03-03 07:00;2024-03-03 08:00;DK2;Onshore Wind;181,291672;195,291672;170,916672;201,833328;195,291672;2024-03-03 07:01;2024-03-03 08:01
2024-03-03 08:00;2024-03-03 09:00;DK2;Onshore Wind;212,166672;209,166672;183,458328;209,166672;179,083328;2024-03-03 07:57;2024-03-03 08:57
2024-03-03 09:00;2024-03-03 10:00;DK2;Onshore Wind;212,375000;202,541672;185,916672;173,166672;203,458328;2024-03-03 09:07;2024-03-03 10:07
2024-03-03 10:00;2024-03-03 11:00;DK2;Onshore Wind;224,333328;200,250000;196,666672;186,666672;224,583328;2024-03-03 10:01;2024-03-03 11:01
2024-03-03 11:00;2024-03-03 12:00;DK2;Onshore Wind;211,958328;194,250000;200,791672;219,250000;226,166672;2024-03-03 10:58;2024-03-03 11:58
2024-03-03 12:00;2024-03-03 13:00;DK2;Onshore Wind;211,833328;195,125000;195,125000;231,375000;239,750000;2024-03-03 12:03;2024-03-03 13:03
2024-03-03 13:00;2024-03-03 14:00;DK2;Onshore Wind;214,250000;196,333328;184,083328;226,500000;236,000000;2024-03-03 13:01;2024-03-03 14:01
2024-03-03 14:00;2024-03-03 15:00;DK2;Onshore Wind;211,875000;203,958328;199,708328;227,958328;249,458328;2024-03-03 13:58;2024-03-03 14:58
2024-03-03 15:00;2024-03-03 16:00;DK2;Onshore Wind;219,250000;213,000000;227,125000;248,583328;269,708344;2024-03-03 15:02;2024-03-03 16:02
2024-03-03 16:00;2024-03-03 17:00;DK2;Onshore Wind;218,750000;207,333328;219,958328;270,000000;260,458344;2024-03-03 16:00;2024-03-03 17:00
2024-03-03 17:00;2024-03-03 18:00;DK2;Onshore Wind;196,375000;189,458328;210,000000;247,083328;226,791672;2024-03-03 16:57;2024-03-03 17:57
2024-03-03 18:00;2024-03-03 19:00;DK2;Onshore Wind;200,000000;193,583328;220,291672;231,875000;249,583328;2024-03-03 18:02;2024-03-03 19:02
2024-03-03 19:00;2024-03-03 20:00;DK2;Onshore Wind;219,708328;217,416672;241,125000;253,958328;233,083328;2024-03-03 18:57;2024-03-03 19:57
2024-03-03 20:00;2024-03-03 21:00;DK2;Onshore Wind;231,833328;225,333328;266,041656;232,583328;216,500000;2024-03-03 19:57;2024-03-03 20:57
2024-03-03 21:00;2024-03-03 22:00;DK2;Onshore Wind;222,833328;216,375000;247,458328;207,333328;225,333328;2024-03-03 21:02;2024-03-03 22:02
2024-03-03 22:00;2024-03-03 23:00;DK2;Onshore Wind;205,750000;205,125000;231,458328;207,333328;205,333328;2024-03-03 21:57;2024-03-03 22:57
2024-03-03 23:00;2024-03-04 00:00;DK2;Onshore Wind;226,708328;194,666672;223,833328;199,083328;194,666672;2024-03-03 22:57;2024-03-03 23:57
2024-03-04 00:00;2024-03-04 01:00;DK2;Onshore Wind;217,583328;185,041672;204,291672;188,250000;185,041672;2024-03-04 00:06;2024-03-04 01:06
2024-03-04 01:00;2024-03-04 02:00;DK2;Onshore Wind;208,541672;159,708328;188,583328;173,791672;159,708328;2024-03-04 00:57;2024-03-04 01:57
2024-03-04 02:00;2024-03-04 03:00;DK2;Onshore Wind;199,583328;152,708328;183,750000;150,166672;152,708328;2024-03-04 01:56;2024-03-04 02:56
2024-03-04 03:00;2024-03-04 04:00;DK2;Onshore Wind;191,833328;166,833328;184,000000;147,541672;166,833328;2024-03-04 03:02;2024-03-04 04:02
2024-03-04 04:00;2024-03-04 05:00;DK2;Onshore Wind;187,916672;183,041672;181,875000;173,916672;183,041672;2024-03-04 03:57;2024-03-04 04:57
2024-03-04 05:00;2024-03-04 06:00;DK2;Onshore Wind;190,000000;184,833328;173,083328;183,458328;184,833328;2024-03-04 04:56;2024-03-04 05:56
2024-03-04 06:00;2024-03-04 07:00;DK2;Onshore Wind;189,541672;234,541672;177,208328;195,833328;234,541672;2024-03-04 06:02;2024-03-04 07:02
2024-03-04 07:00;2024-03-04 08:00;DK2;Onshore Wind;227,625000;281,541656;230,875000;265,708344;281,541656;2024-03-04 06:57;2024-03-04 07:57
2024-03-04 08:00;2024-03-04 09:00;DK2;Onshore Wind;259,416656;300,791656;268,958344;300,791656;303,416656;2024-03-04 07:57;2024-03-04 08:57
2024-03-04 09:00;2024-03-04 10:00;DK2;Onshore Wind;278,708344;305,666656;281,166656;307,291656;316,791656;2024-03-04 09:02;2024-03-04 10:02
2024-03-04 10:00;2024-03-04 11:00;DK2;Onshore Wind;305,125000;316,458344;283,000000;316,333344;407,916656;2024-03-04 10:01;2024-03-04 11:01
2024-03-04 11:00;2024-03-04 12:00;DK2;Onshore Wind;319,041656;319,333344;304,416656;405,333344;415,750000;2024-03-04 10:57;2024-03-04 11:57
2024-03-04 12:00;2024-03-04 13:00;DK2;Onshore Wind;328,708344;322,125000;322,125000;389,291656;389,916656;2024-03-04 12:01;2024-03-04 13:01
2024-03-04 13:00;2024-03-04 14:00;DK2;Onshore Wind;339,875000;339,625000;355,125000;439,041656;385,000000;2024-03-04 13:00;2024-03-04 14:00
2024-03-04 14:00;2024-03-04 15:00;DK2;Onshore Wind;351,250000;359,458344;380,583344;441,708344;432,000000;2024-03-04 13:57;2024-03-04 14:57
2024-03-04 15:00;2024-03-04 16:00;DK2;Onshore Wind;366,583344;377,000000;433,208344;453,916656;462,416656;2024-03-04 15:01;2024-03-04 16:01
2024-03-04 16:00;2024-03-04 17:00;DK2;Onshore Wind;360,583344;376,666656;350,583344;447,500000;471,250000;2024-03-04 15:58;2024-03-04 16:58
2024-03-04 17:00;2024-03-04 18:00;DK2;Onshore Wind;317,208344;339,750000;326,833344;400,416656;416,666656;2024-03-04 16:58;2024-03-04 17:58
2024-03-04 18:00;2024-03-04 19:00;DK2;Onshore Wind;303,791656;320,583344;319,083344;400,625000;403,500000;2024-03-04 18:03;2024-03-04 19:03
2024-03-04 19:00;2024-03-04 20:00;DK2;Onshore Wind;305,958344;334,208344;322,708344;388,416656;385,750000;2024-03-04 18:58;2024-03-04 19:58
2024-03-04 20:00;2024-03-04 21:00;DK2;Onshore Wind;291,458344;326,583344;312,083344;372,083344;360,708344;2024-03-04 19:48;2024-03-04 20:48
2024-03-04 21:00;2024-03-04 22:00;DK2;Onshore Wind;263,916656;299,916656;288,541656;338,416656;300,083344;2024-03-04 21:03;2024-03-04 22:03
2024-03-04 22:00;2024-03-04 23:00;DK2;Onshore Wind;236,583328;263,875000;320,125000;274,666656;316,083344;2024-03-04 21:58;2024-03-04 22:58
2024-03-04 23:00;2024-03-05 00:00;DK2;Onshore Wind;288,583344;302,083344;289,208344;289,666656;302,083344;2024-03-04 22:59;2024-03-04 23:59
2024-03-05 00:00;2024-03-05 01:00;DK2;Onshore Wind;273,416656;316,458344;268,208344;303,625000;316,458344;2024-03-05 00:01;2024-03-05 01:01
2024-03-05 01:00;2024-03-05 02:00;DK2;Onshore Wind;276,250000;343,791656;271,041656;323,416656;343,791656;2024-03-05 00:58;2024-03-05 01:58
2024-03-05 02:00;2024-03-05 03:00;DK2;Onshore Wind;287,958344;394,041656;257,166656;344,875000;394,041656;2024-03-05 01:57;2024-03-05 02:57
2024-03-05 03:00;2024-03-05 04:00;DK2;Onshore Wind;279,250000;347,250000;287,833344;375,208344;347,250000;2024-03-05 03:03;2024-03-05 04:03
2024-03-05 04:00;2024-03-05 05:00;DK2;Onshore Wind;257,291656;389,333344;292,666656;333,541656;389,333344;2024-03-05 03:58;2024-03-05 04:58
2024-03-05 05:00;2024-03-05 06:00;DK2;Onshore Wind;238,708328;364,833344;266,250000;343,958344;364,833344;2024-03-05 04:58;2024-03-05 05:58
2024-03-05 06:00;2024-03-05 07:00;DK2;Onshore Wind;227,416672;399,291656;247,500000;330,791656;399,291656;2024-03-05 06:03;2024-03-05 07:03
2024-03-05 07:00;2024-03-05 08:00;DK2;Onshore Wind;271,375000;456,791656;311,583344;409,791656;456,791656;2024-03-05 07:01;2024-03-05 08:01
2024-03-05 08:00;2024-03-05 09:00;DK2;Onshore Wind;298,333344;466,000000;317,500000;466,000000;353,250000;2024-03-05 08:01;2024-03-05 09:01
2024-03-05 09:00;2024-03-05 10:00;DK2;Onshore Wind;302,041656;450,375000;340,958344;356,708344;340,125000;2024-03-05 09:01;2024-03-05 10:01
2024-03-05 10:00;2024-03-05 11:00;DK2;Onshore Wind;298,750000;434,916656;352,791656;333,208344;401,916656;2024-03-05 10:01;2024-03-05 11:01
2024-03-05 11:00;2024-03-05 12:00;DK2;Onshore Wind;283,375000;400,333344;370,333344;376,416656;371,250000;2024-03-05 10:57;2024-03-05 11:57
2024-03-05 12:00;2024-03-05 13:00;DK2;Onshore Wind;277,666656;363,125000;363,125000;352,416656;303,083344;2024-03-05 12:03;2024-03-05 13:03
2024-03-05 13:00;2024-03-05 14:00;DK2;Onshore Wind;262,958344;340,416656;300,708344;291,000000;330,375000;2024-03-05 13:01;2024-03-05 14:01
2024-03-05 14:00;2024-03-05 15:00;DK2;Onshore Wind;249,416672;315,916656;273,375000;306,375000;304,000000;2024-03-05 13:57;2024-03-05 14:57
2024-03-05 15:00;2024-03-05 16:00;DK2;Onshore Wind;231,041672;295,291656;295,250000;289,708344;243,708328;2024-03-05 15:02;2024-03-05 16:02
2024-03-05 16:00;2024-03-05 17:00;DK2;Onshore Wind;196,125000;274,916656;273,791656;226,500000;193,375000;2024-03-05 16:00;2024-03-05 17:00
2024-03-05 17:00;2024-03-05 18:00;DK2;Onshore Wind;158,041672;235,458328;222,500000;177,875000;236,000000;2024-03-05 16:57;2024-03-05 17:57
2024-03-05 18:00;2024-03-05 19:00;DK2;Onshore Wind;150,625000;202,208328;256,041656;235,625000;336,541656;2024-03-05 18:01;2024-03-05 19:01
2024-03-05 19:00;2024-03-05 20:00;DK2;Onshore Wind;153,500000;189,708328;256,375000;312,625000;346,500000;2024-03-05 19:00;2024-03-05 20:00
2024-03-05 20:00;2024-03-05 21:00;DK2;Onshore Wind;148,166672;169,333328;206,625000;314,458344;269,916656;2024-03-05 19:57;2024-03-05 20:57
2024-03-05 21:00;2024-03-05 22:00;DK2;Onshore Wind;136,708328;140,791672;154,625000;230,375000;233,875000;2024-03-05 21:02;2024-03-05 22:02
2024-03-05 22:00;2024-03-05 23:00;DK2;Onshore Wind;117,916664;119,375000;155,750000;201,166672;243,041672;2024-03-05 22:00;2024-03-05 23:00
2024-03-05 23:00;2024-03-06 00:00;DK2;Onshore Wind;133,333328;204,208328;182,041672;214,416672;204,208328;2024-03-05 22:57;2024-03-05 23:57
2024-03-06 00:00;2024-03-06 01:00;DK2;Onshore Wind;113,708336;157,875000;184,083328;181,250000;157,875000;2024-03-06 00:02;2024-03-06 01:02
2024-03-06 01:00;2024-03-06 02:00;DK2;Onshore Wind;94,833336;125,791664;136,416672;141,625000;125,791664;2024-03-06 01:01;2024-03-06 02:01
2024-03-06 02:00;2024-03-06 03:00;DK2;Onshore Wind;82,291664;106,583336;126,041664;111,208336;106,583336;2024-03-06 01:57;2024-03-06 02:57
2024-03-06 03:00;2024-03-06 04:00;DK2;Onshore Wind;67,416664;91,708336;125,958336;89,000000;91,708336;2024-03-06 03:01;2024-03-06 04:01
2024-03-06 04:00;2024-03-06 05:00;DK2;Onshore Wind;51,708332;86,333336;115,041664;78,458336;86,333336;2024-03-06 04:00;2024-03-06 05:00
2024-03-06 05:00;2024-03-06 06:00;DK2;Onshore Wind;40,958332;61,625000;82,625000;70,500000;61,625000;2024-03-06 04:56;2024-03-06 05:56
2024-03-06 06:00;2024-03-06 07:00;DK2;Onshore Wind;36,208332;65,208336;61,583332;51,666668;65,208336;2024-03-06 06:02;2024-03-06 07:02
2024-03-06 07:00;2024-03-06 08:00;DK2;Onshore Wind;41,208332;64,416664;63,500000;67,375000;64,416664;2024-03-06 06:57;2024-03-06 07:57
2024-03-06 08:00;2024-03-06 09:00;DK2;Onshore Wind;44,666668;66,541664;68,958336;66,541664;57,291668;2024-03-06 07:57;2024-03-06 08:57
2024-03-06 09:00;2024-03-06 10:00;DK2;Onshore Wind;46,541668;68,250000;73,791664;57,541668;57,416668;2024-03-06 09:02;2024-03-06 10:02
2024-03-06 10:00;2024-03-06 11:00;DK2;Onshore Wind;42,000000;65,541664;61,541668;52,791668;69,208336;2024-03-06 09:57;2024-03-06 10:57
2024-03-06 11:00;2024-03-06 12:00;DK2;Onshore Wind;41,458332;66,958336;66,875000;66,000000;74,000000;2024-03-06 10:57;2024-03-06 11:57
2024-03-06 12:00;2024-03-06 13:00;DK2;Onshore Wind;41,541668;71,625000;71,625000;77,541664;84,250000;2024-03-06 12:02;2024-03-06 13:02
2024-03-06 13:00;2024-03-06 14:00;DK2;Onshore Wind;45,166668;78,625000;73,166664;89,208336;85,208336;2024-03-06 13:01;2024-03-06 14:01
2024-03-06 14:00;2024-03-06 15:00;DK2;Onshore Wind;50,208332;82,708336;80,708336;93,416664;90,250000;2024-03-06 13:57;2024-03-06 14:57
2024-03-06 15:00;2024-03-06 16:00;DK2;Onshore Wind;55,333332;84,541664;91,333336;90,208336;93,833336;2024-03-06 15:03;2024-03-06 16:03
2024-03-06 16:00;2024-03-06 17:00;DK2;Onshore Wind;57,666668;82,250000;94,750000;85,708336;93,458336;2024-03-06 15:58;2024-03-06 16:58
2024-03-06 17:00;2024-03-06 18:00;DK2;Onshore Wind;52,416668;73,875000;92,958336;87,333336;105,583336;2024-03-06 16:57;2024-03-06 17:57
2024-03-06 18:00;2024-03-06 19:00;DK2;Onshore Wind;54,666668;73,041664;92,958336;107,291664;97,541664;2024-03-06 18:01;2024-03-06 19:01
2024-03-06 19:00;2024-03-06 20:00;DK2;Onshore Wind;64,083336;86,416664;99,416664;107,125000;119,291664;2024-03-06 19:01;2024-03-06 20:01
2024-03-06 20:00;2024-03-06 21:00;DK2;Onshore Wind;73,625000;102,333336;118,375000;130,208328;123,833336;2024-03-06 19:58;2024-03-06 20:58
2024-03-06 21:00;2024-03-06 22:00;DK2;Onshore Wind;79,916664;110,708336;125,083336;128,125000;143,291672;2024-03-06 21:03;2024-03-06 22:03
2024-03-06 22:00;2024-03-06 23:00;DK2;Onshore Wind;83,958336;115,041664;130,375000;138,083328;127,666664;2024-03-06 21:58;2024-03-06 22:58
2024-03-06 23:00;2024-03-07 00:00;DK2;Onshore Wind;124,500000;126,541664;111,791664;116,541664;126,541664;2024-03-06 22:58;2024-03-06 23:58
2024-03-07 00:00;2024-03-07 01:00;DK2;Onshore Wind;117,166664;119,083336;116,083336;117,083336;119,083336;2024-03-07 00:03;2024-03-07 01:03
2024-03-07 01:00;2024-03-07 02:00;DK2;Onshore Wind;106,958336;92,625000;98,125000;102,833336;92,625000;2024-03-07 00:58;2024-03-07 01:58
2024-03-07 02:00;2024-03-07 03:00;DK2;Onshore Wind;100,458336;85,208336;98,791664;83,333336;85,208336;2024-03-07 01:58;2024-03-07 02:58
2024-03-07 03:00;2024-03-07 04:00;DK2;Onshore Wind;93,000000;85,041664;95,625000;83,291664;85,041664;2024-03-07 03:01;2024-03-07 04:01
2024-03-07 04:00;2024-03-07 05:00;DK2;Onshore Wind;84,000000;84,375000;91,833336;88,208336;84,375000;2024-03-07 03:58;2024-03-07 04:58
2024-03-07 05:00;2024-03-07 06:00;DK2;Onshore Wind;80,833336;84,458336;86,750000;81,666664;84,458336;2024-03-07 04:58;2024-03-07 05:58
2024-03-07 06:00;2024-03-07 07:00;DK2;Onshore Wind;76,833336;92,875000;78,958336;83,583336;92,875000;2024-03-07 06:01;2024-03-07 07:01
2024-03-07 07:00;2024-03-07 08:00;DK2;Onshore Wind;86,625000;103,833336;93,166664;100,625000;103,750000;2024-03-07 07:01;2024-03-07 08:01
2024-03-07 08:00;2024-03-07 09:00;DK2;Onshore Wind;92,291664;103,291664;93,500000;103,291664;116,000000;2024-03-07 07:58;2024-03-07 08:58
2024-03-07 09:00;2024-03-07 10:00;DK2;Onshore Wind;93,833336;103,833336;90,291664;113,541664;123,291664;2024-03-07 09:01;2024-03-07 10:01
2024-03-07 10:00;2024-03-07 11:00;DK2;Onshore Wind;84,791664;101,958336;87,000000;116,958336;116,000000;2024-03-07 09:58;2024-03-07 10:58
2024-03-07 11:00;2024-03-07 12:00;DK2;Onshore Wind;82,333336;100,750000;95,500000;109,166664;118,583336;2024-03-07 10:58;2024-03-07 11:58
2024-03-07 12:00;2024-03-07 13:00;DK2;Onshore Wind;83,541664;100,458336;100,458336;112,250000;120,125000;2024-03-07 12:01;2024-03-07 13:01
2024-03-07 13:00;2024-03-07 14:00;DK2;Onshore Wind;85,208336;99,541664;107,000000;114,125000;119,833336;2024-03-07 13:01;2024-03-07 14:01
2024-03-07 14:00;2024-03-07 15:00;DK2;Onshore Wind;90,833336;99,791664;103,541664;114,750000;110,000000;2024-03-07 13:58;2024-03-07 14:58
2024-03-07 15:00;2024-03-07 16:00;DK2;Onshore Wind;93,250000;98,875000;98,708336;106,875000;116,250000;2024-03-07 15:03;2024-03-07 16:03
2024-03-07 16:00;2024-03-07 17:00;DK2;Onshore Wind;83,916664;90,666664;95,833336;104,833336;110,250000;2024-03-07 16:01;2024-03-07 17:01
2024-03-07 17:00;2024-03-07 18:00;DK2;Onshore Wind;69,125000;75,833336;85,666664;96,166664;84,416664;2024-03-07 16:57;2024-03-07 17:57
2024-03-07 18:00;2024-03-07 19:00;DK2;Onshore Wind;68,666664;68,166664;86,500000;76,041664;74,791664;2024-03-07 18:04;2024-03-07 19:04
2024-03-07 19:00;2024-03-07 20:00;DK2;Onshore Wind;77,666664;72,583336;87,416664;73,916664;82,208336;2024-03-07 18:58;2024-03-07 19:58
2024-03-07 20:00;2024-03-07 21:00;DK2;Onshore Wind;75,625000;71,416664;87,333336;79,500000;88,416664;2024-03-07 19:57;2024-03-07 20:57
2024-03-07 21:00;2024-03-07 22:00;DK2;Onshore Wind;69,458336;64,833336;82,541664;80,375000;77,000000;2024-03-07 21:03;2024-03-07 22:03
2024-03-07 22:00;2024-03-07 23:00;DK2;Onshore Wind;61,833332;56,666668;50,416668;65,458336;57,375000;2024-03-07 21:58;2024-03-07 22:58
2024-03-07 23:00;2024-03-08 00:00;DK2;Onshore Wind;42,625000;49,291668;45,291668;47,750000;49,291668;2024-03-07 22:58;2024-03-07 23:58
2024-03-08 00:00;2024-03-08 01:00;DK2;Onshore Wind;39,625000;63,416668;55,875000;47,208332;63,416668;2024-03-08 00:04;2024-03-08 01:04
2024-03-08 01:00;2024-03-08 02:00;DK2;Onshore Wind;37,416668;51,500000;55,791668;58,583332;51,500000;2024-03-08 01:01;2024-03-08 02:01
2024-03-08 02:00;2024-03-08 03:00;DK2;Onshore Wind;39,208332;54,416668;50,125000;49,250000;54,416668;2024-03-08 01:57;2024-03-08 02:57
2024-03-08 03:00;2024-03-08 04:00;DK2;Onshore Wind;42,041668;52,958332;44,500000;53,416668;52,958332;2024-03-08 03:01;2024-03-08 04:01
2024-03-08 04:00;2024-03-08 05:00;DK2;Onshore Wind;41,541668;50,958332;43,458332;50,500000;50,958332;2024-03-08 04:01;2024-03-08 05:01
2024-03-08 05:00;2024-03-08 06:00;DK2;Onshore Wind;39,291668;49,541668;51,458332;45,000000;49,541668;2024-03-08 04:57;2024-03-08 05:57
2024-03-08 06:00;2024-03-08 07:00;DK2;Onshore Wind;37,083332;46,416668;43,041668;44,083332;46,416668;2024-03-08 06:03;2024-03-08 07:03
2024-03-08 07:00;2024-03-08 08:00;DK2;Onshore Wind;39,458332;47,458332;50,416668;47,166668;47,458332;2024-03-08 07:01;2024-03-08 08:01
2024-03-08 08:00;2024-03-08 09:00;DK2;Onshore Wind;42,500000;47,875000;48,875000;47,875000;46,875000;2024-03-08 07:57;2024-03-08 08:57
2024-03-08 09:00;2024-03-08 10:00;DK2;Onshore Wind;40,875000;48,958332;47,166668;46,208332;38,041668;2024-03-08 09:01;2024-03-08 10:01
2024-03-08 10:00;2024-03-08 11:00;DK2;Onshore Wind;47,875000;53,458332;53,083332;40,208332;37,125000;2024-03-08 10:01;2024-03-08 11:01
2024-03-08 11:00;2024-03-08 12:00;DK2;Onshore Wind;55,875000;60,416668;61,291668;42,041668;46,333332;2024-03-08 10:57;2024-03-08 11:57
2024-03-08 12:00;2024-03-08 13:00;DK2;Onshore Wind;68,791664;71,791664;71,791664;55,333332;48,875000;2024-03-08 12:03;2024-03-08 13:03
2024-03-08 13:00;2024-03-08 14:00;DK2;Onshore Wind;82,125000;87,333336;82,125000;64,083336;65,625000;2024-03-08 13:01;2024-03-08 14:01
2024-03-08 14:00;2024-03-08 15:00;DK2;Onshore Wind;101,583336;101,875000;93,875000;87,000000;95,625000;2024-03-08 13:57;2024-03-08 14:57
2024-03-08 15:00;2024-03-08 16:00;DK2;Onshore Wind;117,708336;115,458336;109,041664;115,291664;116,791664;2024-03-08 15:02;2024-03-08 16:02
2024-03-08 16:00;2024-03-08 17:00;DK2;Onshore Wind;126,791664;127,250000;127,875000;132,375000;141,000000;2024-03-08 16:00;2024-03-08 17:00
2024-03-08 17:00;2024-03-08 18:00;DK2;Onshore Wind;125,375000;134,416672;138,791672;150,375000;149,333328;2024-03-08 16:57;2024-03-08 17:57
2024-03-08 18:00;2024-03-08 19:00;DK2;Onshore Wind;137,000000;149,250000;152,916672;165,208328;183,541672;2024-03-08 18:01;2024-03-08 19:01
2024-03-08 19:00;2024-03-08 20:00;DK2;Onshore Wind;164,625000;173,166672;174,541672;188,625000;182,583328;2024-03-08 18:57;2024-03-08 19:57
2024-03-08 20:00;2024-03-08 21:00;DK2;Onshore Wind;173,000000;182,750000;182,000000;182,041672;234,666672;2024-03-08 19:57;2024-03-08 20:57
2024-03-08 21:00;2024-03-08 22:00;DK2;Onshore Wind;174,250000;185,625000;188,958328;230,250000;245,583328;2024-03-08 21:02;2024-03-08 22:02
2024-03-08 22:00;2024-03-08 23:00;DK2;Onshore Wind;179,208328;185,916672;183,416672;240,791672;254,125000;2024-03-08 22:01;2024-03-08 23:01
2024-03-08 23:00;2024-03-09 00:00;DK2;Onshore Wind;192,375000;248,791672;202,541672;252,625000;248,791672;2024-03-08 22:56;2024-03-08 23:56
2024-03-09 00:00;2024-03-09 01:00;DK2;Onshore Wind;196,833328;253,000000;199,208328;244,291672;253,000000;2024-03-08 23:17;2024-03-09 00:17
2024-03-09 01:00;2024-03-09 02:00;DK2;Onshore Wind;201,833328;254,458328;231,375000;;254,458328;2024-03-08 23:17;2024-03-09 00:17
2024-03-09 02:00;2024-03-09 03:00;DK2;Onshore Wind;209,958328;261,500000;247,250000;;261,500000;2024-03-08 23:17;2024-03-09 00:17
2024-03-09 03:00;2024-03-09 04:00;DK2;Onshore Wind;220,916672;274,250000;263,500000;;274,250000;2024-03-08 23:17;2024-03-09 00:17
2024-03-09 04:00;2024-03-09 05:00;DK2;Onshore Wind;232,333328;281,375000;275,583344;;281,375000;2024-03-08 23:17;2024-03-09 00:17
2024-03-09 05:00;2024-03-09 06:00;DK2;Onshore Wind;241,916672;272,000000;;;272,000000;2024-03-08 23:17;2024-03-09 00:17
2024-03-09 06:00;2024-03-09 07:00;DK2;Onshore Wind;251,166672;274,541656;;;274,541656;2024-03-08 23:17;2024-03-09 00:17
2024-03-09 07:00;2024-03-09 08:00;DK2;Onshore Wind;311,916656;331,291656;;;331,291656;2024-03-08 23:17;2024-03-09 00:17
2024-03-09 08:00;2024-03-09 09:00;DK2;Onshore Wind;359,125000;372,416656;;;372,416656;2024-03-08 23:17;2024-03-09 00:17
2024-03-09 09:00;2024-03-09 10:00;DK2;Onshore Wind;383,666656;388,791656;;;388,791656;2024-03-08 23:17;2024-03-09 00:17
2024-03-09 10:00;2024-03-09 11:00;DK2;Onshore Wind;422,250000;406,000000;;;406,000000;2024-03-08 23:17;2024-03-09 00:17
2024-03-09 11:00;2024-03-09 12:00;DK2;Onshore Wind;430,208344;427,916656;;;427,916656;2024-03-08 23:17;2024-03-09 00:17
2024-03-09 12:00;2024-03-09 13:00;DK2;Onshore Wind;430,916656;433,458344;;;433,458344;2024-03-08 23:17;2024-03-09 00:17
2024-03-09 13:00;2024-03-09 14:00;DK2;Onshore Wind;431,041656;432,833344;;;531,541687;2024-03-09 12:57;2024-03-09 13:57
2024-03-09 14:00;2024-03-09 15:00;DK2;Onshore Wind;430,916656;438,000000;;520,500000;544,666687;2024-03-09 13:57;2024-03-09 14:57
2024-03-09 15:00;2024-03-09 16:00;DK2;Onshore Wind;439,791656;452,916656;;535,541687;552,291687;2024-03-09 15:03;2024-03-09 16:03
2024-03-09 16:00;2024-03-09 17:00;DK2;Onshore Wind;435,458344;455,375000;;545,458313;536,000000;2024-03-09 16:01;2024-03-09 17:01
2024-03-09 17:00;2024-03-09 18:00;DK2;Onshore Wind;397,791656;430,291656;;507,125000;506,958344;2024-03-09 16:57;2024-03-09 17:57
2024-03-09 18:00;2024-03-09 19:00;DK2;Onshore Wind;394,041656;422,666656;475,541656;514,083313;563,375000;2024-03-09 18:01;2024-03-09 19:01
2024-03-09 19:00;2024-03-09 20:00;DK2;Onshore Wind;407,958344;437,250000;502,333344;567,625000;551,250000;2024-03-09 19:01;2024-03-09 20:01
2024-03-09 20:00;2024-03-09 21:00;DK2;Onshore Wind;414,833344;443,375000;520,541687;548,875000;550,666687;2024-03-09 19:59;2024-03-09 20:59
2024-03-09 21:00;2024-03-09 22:00;DK2;Onshore Wind;409,166656;427,833344;504,041656;534,625000;546,833313;2024-03-09 21:01;2024-03-09 22:01
2024-03-09 22:00;2024-03-09 23:00;DK2;Onshore Wind;410,875000;412,125000;488,291656;533,125000;552,250000;2024-03-09 22:01;2024-03-09 23:01
2024-03-09 23:00;2024-03-10 00:00;DK2;Onshore Wind;468,791656;512,375000;487,500000;532,416687;512,375000;2024-03-09 22:57;2024-03-09 23:57
2024-03-10 00:00;2024-03-10 01:00;DK2;Onshore Wind;454,000000;549,500000;463,541656;509,625000;549,500000;2024-03-10 00:03;2024-03-10 01:03
2024-03-10 01:00;2024-03-10 02:00;DK2;Onshore Wind;444,208344;548,625000;466,958344;531,291687;548,625000;2024-03-10 01:01;2024-03-10 02:01
2024-03-10 02:00;2024-03-10 03:00;DK2;Onshore Wind;443,333344;569,916687;475,583344;538,000000;569,916687;2024-03-10 01:57;2024-03-10 02:57
2024-03-10 03:00;2024-03-10 04:00;DK2;Onshore Wind;425,500000;559,250000;481,208344;554,208313;559,250000;2024-03-10 03:03;2024-03-10 04:03
2024-03-10 04:00;2024-03-10 05:00;DK2;Onshore Wind;389,958344;566,416687;466,375000;548,125000;566,416687;2024-03-10 04:01;2024-03-10 05:01
2024-03-10 05:00;2024-03-10 06:00;DK2;Onshore Wind;363,208344;538,375000;447,833344;527,791687;538,375000;2024-03-10 04:57;2024-03-10 05:57
2024-03-10 06:00;2024-03-10 07:00;DK2;Onshore Wind;342,875000;560,916687;432,208344;503,833344;560,916687;2024-03-10 06:01;2024-03-10 07:01
2024-03-10 07:00;2024-03-10 08:00;DK2;Onshore Wind;386,041656;615,625000;499,875000;593,208313;615,625000;2024-03-10 07:01;2024-03-10 08:01
2024-03-10 08:00;2024-03-10 09:00;DK2;Onshore Wind;410,916656;634,666687;528,083313;634,666687;597,666687;2024-03-10 07:57;2024-03-10 08:57
2024-03-10 09:00;2024-03-10 10:00;DK2;Onshore Wind;417,875000;621,916687;533,708313;588,083313;602,250000;2024-03-10 09:03;2024-03-10 10:03
2024-03-10 10:00;2024-03-10 11:00;DK2;Onshore Wind;446,958344;616,625000;544,541687;591,625000;607,875000;2024-03-10 09:58;2024-03-10 10:58
2024-03-10 11:00;2024-03-10 12:00;DK2;Onshore Wind;454,750000;593,791687;574,750000;600,291687;577,208313;2024-03-10 10:57;2024-03-10 11:57
2024-03-10 12:00;2024-03-10 13:00;DK2;Onshore Wind;466,166656;573,791687;573,791687;545,000000;592,041687;2024-03-10 12:01;2024-03-10 13:01
2024-03-10 13:00;2024-03-10 14:00;DK2;Onshore Wind;484,166656;567,833313;556,625000;551,708313;596,750000;2024-03-10 12:58;2024-03-10 13:58
2024-03-10 14:00;2024-03-10 15:00;DK2;Onshore Wind;491,500000;571,041687;559,791687;553,375000;604,958313;2024-03-10 13:57;2024-03-10 14:57
2024-03-10 15:00;2024-03-10 16:00;DK2;Onshore Wind;510,250000;577,500000;573,750000;603,208313;608,916687;2024-03-10 15:02;2024-03-10 16:02
2024-03-10 16:00;2024-03-10 17:00;DK2;Onshore Wind;517,125000;574,875000;490,708344;609,083313;614,833313;2024-03-10 16:00;2024-03-10 17:00
2024-03-10 17:00;2024-03-10 18:00;DK2;Onshore Wind;476,916656;523,833313;467,375000;577,958313;600,208313;2024-03-10 16:57;2024-03-10 17:57
2024-03-10 18:00;2024-03-10 19:00;DK2;Onshore Wind;471,791656;490,750000;469,416656;598,750000;636,583313;2024-03-10 18:02;2024-03-10 19:02
2024-03-10 19:00;2024-03-10 20:00;DK2;Onshore Wind;484,041656;508,166656;553,833313;633,333313;620,125000;2024-03-10 18:57;2024-03-10 19:57
2024-03-10 20:00;2024-03-10 21:00;DK2;Onshore Wind;495,750000;515,791687;558,375000;614,416687;599,916687;2024-03-10 20:00;2024-03-10 21:00
2024-03-10 21:00;2024-03-10 22:00;DK2;Onshore Wind;491,958344;498,958344;543,500000;584,666687;596,666687;2024-03-10 21:02;2024-03-10 22:02
2024-03-10 22:00;2024-03-10 23:00;DK2;Onshore Wind;489,125000;493,041656;547,583313;587,291687;594,458313;2024-03-10 21:57;2024-03-10 22:57
2024-03-10 23:00;2024-03-11 00:00;DK2;Onshore Wind;530,416687;587,125000;547,208313;582,250000;587,125000;2024-03-10 22:57;2024-03-10 23:57
2024-03-11 00:00;2024-03-11 01:00;DK2;Onshore Wind;514,666687;584,541687;526,208313;580,000000;584,541687;2024-03-11 00:02;2024-03-11 01:02
2024-03-11 01:00;2024-03-11 02:00;DK2;Onshore Wind;503,000000;601,958313;521,875000;576,375000;601,958313;2024-03-11 01:01;2024-03-11 02:01
2024-03-11 02:00;2024-03-11 03:00;DK2;Onshore Wind;504,250000;595,625000;533,666687;598,250000;595,625000;2024-03-11 01:56;2024-03-11 02:56
2024-03-11 03:00;2024-03-11 04:00;DK2;Onshore Wind;493,958344;574,791687;539,958313;584,541687;574,791687;2024-03-11 03:01;2024-03-11 04:01
2024-03-11 04:00;2024-03-11 05:00;DK2;Onshore Wind;470,666656;575,833313;536,041687;557,625000;575,833313;2024-03-11 03:57;2024-03-11 04:57
2024-03-11 05:00;2024-03-11 06:00;DK2;Onshore Wind;454,166656;548,583313;492,416656;529,458313;548,583313;2024-03-11 04:57;2024-03-11 05:57
2024-03-11 06:00;2024-03-11 07:00;DK2;Onshore Wind;437,291656;566,625000;477,250000;515,041687;566,625000;2024-03-11 06:01;2024-03-11 07:01
2024-03-11 07:00;2024-03-11 08:00;DK2;Onshore Wind;493,041656;600,625000;531,000000;600,916687;600,625000;2024-03-11 07:01;2024-03-11 08:01
2024-03-11 08:00;2024-03-11 09:00;DK2;Onshore Wind;510,375000;603,000000;536,250000;603,000000;540,291687;2024-03-11 07:57;2024-03-11 08:57
2024-03-11 09:00;2024-03-11 10:00;DK2;Onshore Wind;494,916656;566,958313;524,291687;508,458344;535,166687;2024-03-11 09:02;2024-03-11 10:02
2024-03-11 10:00;2024-03-11 11:00;DK2;Onshore Wind;507,833344;545,416687;519,166687;507,666656;534,666687;2024-03-11 10:00;2024-03-11 11:00
2024-03-11 11:00;2024-03-11 12:00;DK2;Onshore Wind;483,458344;511,458344;506,291656;514,916687;509,541656;2024-03-11 10:56;2024-03-11 11:56
2024-03-11 12:00;2024-03-11 13:00;DK2;Onshore Wind;463,333344;482,916656;482,916656;488,666656;501,208344;2024-03-11 12:02;2024-03-11 13:02
2024-03-11 13:00;2024-03-11 14:00;DK2;Onshore Wind;451,000000;460,333344;435,750000;472,958344;336,333344;2024-03-11 13:00;2024-03-11 14:00
2024-03-11 14:00;2024-03-11 15:00;DK2;Onshore Wind;434,166656;436,041656;411,541656;317,708344;456,666656;2024-03-11 13:58;2024-03-11 14:58
2024-03-11 15:00;2024-03-11 16:00;DK2;Onshore Wind;421,416656;411,166656;401,083344;436,458344;473,541656;2024-03-11 15:03;2024-03-11 16:03
2024-03-11 16:00;2024-03-11 17:00;DK2;Onshore Wind;395,833344;382,000000;366,166656;444,041656;429,875000;2024-03-11 15:58;2024-03-11 16:58
2024-03-11 17:00;2024-03-11 18:00;DK2;Onshore Wind;340,541656;322,958344;333,291656;384,666656;370,958344;2024-03-11 16:57;2024-03-11 17:57
2024-03-11 18:00;2024-03-11 19:00;DK2;Onshore Wind;315,875000;273,208344;240,625000;346,500000;365,083344;2024-03-11 18:06;2024-03-11 19:06
2024-03-11 19:00;2024-03-11 20:00;DK2;Onshore Wind;307,416656;254,708328;290,000000;327,500000;315,916656;2024-03-11 19:01;2024-03-11 20:01
2024-03-11 20:00;2024-03-11 21:00;DK2;Onshore Wind;292,958344;234,708328;268,416656;275,958344;258,208344;2024-03-11 19:58;2024-03-11 20:58
2024-03-11 21:00;2024-03-11 22:00;DK2;Onshore Wind;264,958344;198,375000;218,083328;215,708328;219,541672;2024-03-11 21:01;2024-03-11 22:01
2024-03-11 22:00;2024-03-11 23:00;DK2;Onshore Wind;232,166672;162,583328;178,541672;188,416672;173,375000;2024-03-11 21:58;2024-03-11 22:58
2024-03-11 23:00;2024-03-12 00:00;DK2;Onshore Wind;144,750000;123,500000;155,250000;144,166672;123,500000;2024-03-11 22:57;2024-03-11 23:57
2024-03-12 00:00;2024-03-12 01:00;DK2;Onshore Wind;117,833336;115,750000;124,375000;102,166664;115,750000;2024-03-12 00:03;2024-03-12 01:03
2024-03-12 01:00;2024-03-12 02:00;DK2;Onshore Wind;97,208336;87,500000;90,791664;94,625000;87,500000;2024-03-12 01:00;2024-03-12 02:00
2024-03-12 02:00;2024-03-12 03:00;DK2;Onshore Wind;84,083336;65,833336;90,333336;68,291664;65,833336;2024-03-12 01:58;2024-03-12 02:58
2024-03-12 03:00;2024-03-12 04:00;DK2;Onshore Wind;65,875000;51,916668;72,541664;57,416668;51,916668;2024-03-12 03:03;2024-03-12 04:03
2024-03-12 04:00;2024-03-12 05:00;DK2;Onshore Wind;42,125000;56,166668;55,166668;48,875000;56,166668;2024-03-12 03:58;2024-03-12 04:58
2024-03-12 05:00;2024-03-12 06:00;DK2;Onshore Wind;31,041666;46,416668;57,083332;50,083332;46,416668;2024-03-12 04:58;2024-03-12 05:58
2024-03-12 06:00;2024-03-12 07:00;DK2;Onshore Wind;28,166666;46,708332;48,458332;41,375000;46,708332;2024-03-12 06:01;2024-03-12 07:01
2024-03-12 07:00;2024-03-12 08:00;DK2;Onshore Wind;29,750000;47,208332;49,000000;45,625000;47,208332;2024-03-12 06:58;2024-03-12 07:58
2024-03-12 08:00;2024-03-12 09:00;DK2;Onshore Wind;27,791666;42,500000;40,458332;42,500000;36,083332;2024-03-12 07:58;2024-03-12 08:58
2024-03-12 09:00;2024-03-12 10:00;DK2;Onshore Wind;23,708334;38,291668;37,500000;29,916666;31,333334;2024-03-12 09:03;2024-03-12 10:03
2024-03-12 10:00;2024-03-12 11:00;DK2;Onshore Wind;18,833334;31,041666;27,041666;24,625000;26,708334;2024-03-12 09:58;2024-03-12 10:58
2024-03-12 11:00;2024-03-12 12:00;DK2;Onshore Wind;16,250000;27,125000;26,750000;23,666666;25,666666;2024-03-12 10:57;2024-03-12 11:57
2024-03-12 12:00;2024-03-12 13:00;DK2;Onshore Wind;13,500000;25,625000;25,625000;24,000000;27,541666;2024-03-12 12:03;2024-03-12 13:03
2024-03-12 13:00;2024-03-12 14:00;DK2;Onshore Wind;12,333333;24,166666;22,000000;24,958334;26,708334;2024-03-12 13:01;2024-03-12 14:01
2024-03-12 14:00;2024-03-12 15:00;DK2;Onshore Wind;10,708333;22,708334;23,000000;24,000000;25,833334;2024-03-12 13:57;2024-03-12 14:57
2024-03-12 15:00;2024-03-12 16:00;DK2;Onshore Wind;10,000000;21,291666;22,000000;23,541666;25,583334;2024-03-12 15:02;2024-03-12 16:02
2024-03-12 16:00;2024-03-12 17:00;DK2;Onshore Wind;10,000000;20,375000;24,333334;24,000000;25,666666;2024-03-12 15:57;2024-03-12 16:57
2024-03-12 17:00;2024-03-12 18:00;DK2;Onshore Wind;10,291667;17,708334;26,541666;26,083334;27,000000;2024-03-12 16:57;2024-03-12 17:57
2024-03-12 18:00;2024-03-12 19:00;DK2;Onshore Wind;13,166667;14,250000;28,250000;28,125000;28,375000;2024-03-12 18:02;2024-03-12 19:02
2024-03-12 19:00;2024-03-12 20:00;DK2;Onshore Wind;16,375000;16,541666;33,708332;30,916666;30,083334;2024-03-12 19:01;2024-03-12 20:01
2024-03-12 20:00;2024-03-12 21:00;DK2;Onshore Wind;19,833334;21,750000;38,791668;34,000000;31,500000;2024-03-12 19:57;2024-03-12 20:57
2024-03-12 21:00;2024-03-12 22:00;DK2;Onshore Wind;23,416666;26,125000;40,625000;35,083332;36,458332;2024-03-12 21:02;2024-03-12 22:02
2024-03-12 22:00;2024-03-12 23:00;DK2;Onshore Wind;25,750000;30,416666;44,000000;38,583332;40,416668;2024-03-12 21:57;2024-03-12 22:57
2024-03-12 23:00;2024-03-13 00:00;DK2;Onshore Wind;45,000000;37,291668;44,791668;38,750000;37,291668;2024-03-12 22:57;2024-03-12 23:57
2024-03-13 00:00;2024-03-13 01:00;DK2;Onshore Wind;42,291668;36,458332;39,833332;34,250000;36,458332;2024-03-13 00:01;2024-03-13 01:01
2024-03-13 01:00;2024-03-13 02:00;DK2;Onshore Wind;36,958332;35,833332;34,291668;33,833332;35,833332;2024-03-13 01:00;2024-03-13 02:00
2024-03-13 02:00;2024-03-13 03:00;DK2;Onshore Wind;33,916668;35,166668;37,208332;34,458332;35,166668;2024-03-13 01:57;2024-03-13 02:57
2024-03-13 03:00;2024-03-13 04:00;DK2;Onshore Wind;30,083334;31,500000;41,375000;33,791668;31,500000;2024-03-13 03:01;2024-03-13 04:01
2024-03-13 04:00;2024-03-13 05:00;DK2;Onshore Wind;25,375000;36,750000;44,708332;32,625000;36,750000;2024-03-13 04:00;2024-03-13 05:00
2024-03-13 05:00;2024-03-13 06:00;DK2;Onshore Wind;24,083334;43,041668;43,458332;34,416668;43,041668;2024-03-13 04:57;2024-03-13 05:57
2024-03-13 06:00;2024-03-13 07:00;DK2;Onshore Wind;27,208334;53,333332;44,666668;41,208332;53,333332;2024-03-13 06:02;2024-03-13 07:02
2024-03-13 07:00;2024-03-13 08:00;DK2;Onshore Wind;40,250000;55,625000;50,000000;58,791668;55,625000;2024-03-13 06:57;2024-03-13 07:57
2024-03-13 08:00;2024-03-13 09:00;DK2;Onshore Wind;53,458332;63,875000;61,416668;63,875000;60,583332;2024-03-13 07:56;2024-03-13 08:56
2024-03-13 09:00;2024-03-13 10:00;DK2;Onshore Wind;67,291664;73,875000;76,583336;65,125000;76,083336;2024-03-13 09:02;2024-03-13 10:02
2024-03-13 10:00;2024-03-13 11:00;DK2;Onshore Wind;85,500000;94,458336;93,208336;88,083336;88,708336;2024-03-13 10:00;2024-03-13 11:00
2024-03-13 11:00;2024-03-13 12:00;DK2;Onshore Wind;109,041664;117,083336;121,541664;111,125000;121,083336;2024-03-13 10:57;2024-03-13 11:57
2024-03-13 12:00;2024-03-13 13:00;DK2;Onshore Wind;122,958336;135,666672;135,666672;131,583328;141,958328;2024-03-13 12:02;2024-03-13 13:02
2024-03-13 13:00;2024-03-13 14:00;DK2;Onshore Wind;132,500000;140,541672;137,166672;145,041672;172,916672;2024-03-13 13:00;2024-03-13 14:00
2024-03-13 14:00;2024-03-13 15:00;DK2;Onshore Wind;130,958328;133,291672;135,541672;161,541672;187,083328;2024-03-13 14:01;2024-03-13 15:01
2024-03-13 15:00;2024-03-13 16:00;DK2;Onshore Wind;129,333328;124,666664;129,041672;168,333328;157,500000;2024-03-13 15:01;2024-03-13 16:01
2024-03-13 16:00;2024-03-13 17:00;DK2;Onshore Wind;121,291664;117,916664;116,791664;135,583328;146,541672;2024-03-13 15:58;2024-03-13 16:58
2024-03-13 17:00;2024-03-13 18:00;DK2;Onshore Wind;108,916664;112,833336;109,708336;130,000000;153,250000;2024-03-13 16:58;2024-03-13 17:58
2024-03-13 18:00;2024-03-13 19:00;DK2;Onshore Wind;115,750000;124,833336;139,125000;157,625000;196,833328;2024-03-13 18:03;2024-03-13 19:03
2024-03-13 19:00;2024-03-13 20:00;DK2;Onshore Wind;140,166672;146,500000;171,208328;202,875000;204,541672;2024-03-13 19:01;2024-03-13 20:01
2024-03-13 20:00;2024-03-13 21:00;DK2;Onshore Wind;157,958328;159,750000;170,458328;201,916672;221,583328;2024-03-13 19:57;2024-03-13 20:57
2024-03-13 21:00;2024-03-13 22:00;DK2;Onshore Wind;167,083328;170,625000;177,125000;213,458328;241,000000;2024-03-13 21:01;2024-03-13 22:01
2024-03-13 22:00;2024-03-13 23:00;DK2;Onshore Wind;184,958328;174,416672;185,208328;229,875000;243,416672;2024-03-13 21:58;2024-03-13 22:58
2024-03-13 23:00;2024-03-14 00:00;DK2;Onshore Wind;205,041672;223,208328;220,166672;246,541672;223,208328;2024-03-13 22:58;2024-03-13 23:58
2024-03-14 00:00;2024-03-14 01:00;DK2;Onshore Wind;207,166672;219,666672;214,625000;226,166672;219,666672;2024-03-14 00:03;2024-03-14 01:03
2024-03-14 01:00;2024-03-14 02:00;DK2;Onshore Wind;202,333328;238,541672;224,833328;233,583328;238,541672;2024-03-14 00:58;2024-03-14 01:58
2024-03-14 02:00;2024-03-14 03:00;DK2;Onshore Wind;200,583328;288,458344;242,666672;252,166672;288,458344;2024-03-14 01:58;2024-03-14 02:58
2024-03-14 03:00;2024-03-14 04:00;DK2;Onshore Wind;200,208328;322,375000;242,750000;280,500000;322,375000;2024-03-14 03:03;2024-03-14 04:03
2024-03-14 04:00;2024-03-14 05:00;DK2;Onshore Wind;200,708328;315,000000;244,416672;299,208344;315,000000;2024-03-14 04:01;2024-03-14 05:01
2024-03-14 05:00;2024-03-14 06:00;DK2;Onshore Wind;204,208328;302,208344;221,958328;281,750000;302,208344;2024-03-14 04:57;2024-03-14 05:57
2024-03-14 06:00;2024-03-14 07:00;DK2;Onshore Wind;205,125000;314,958344;211,833328;279,875000;314,958344;2024-03-14 06:01;2024-03-14 07:01
2024-03-14 07:00;2024-03-14 08:00;DK2;Onshore Wind;237,583328;334,708344;255,708328;326,208344;334,708344;2024-03-14 07:01;2024-03-14 08:01
2024-03-14 08:00;2024-03-14 09:00;DK2;Onshore Wind;246,833328;331,750000;280,041656;331,750000;315,416656;2024-03-14 07:58;2024-03-14 08:58
2024-03-14 09:00;2024-03-14 10:00;DK2;Onshore Wind;244,958328;306,125000;281,375000;291,000000;333,250000;2024-03-14 09:01;2024-03-14 10:01
2024-03-14 10:00;2024-03-14 11:00;DK2;Onshore Wind;260,708344;302,208344;283,250000;320,583344;307,208344;2024-03-14 10:01;2024-03-14 11:01
2024-03-14 11:00;2024-03-14 12:00;DK2;Onshore Wind;254,583328;290,958344;285,666656;299,375000;324,458344;2024-03-14 10:57;2024-03-14 11:57
2024-03-14 12:00;2024-03-14 13:00;DK2;Onshore Wind;241,541672;266,083344;266,083344;308,750000;308,041656;2024-03-14 12:06;2024-03-14 13:06
2024-03-14 13:00;2024-03-14 14:00;DK2;Onshore Wind;220,333328;231,333328;227,958328;267,416656;245,625000;2024-03-14 13:01;2024-03-14 14:01
2024-03-14 14:00;2024-03-14 15:00;DK2;Onshore Wind;188,125000;198,916672;210,708328;207,416672;207,083328;2024-03-14 13:57;2024-03-14 14:57
2024-03-14 15:00;2024-03-14 16:00;DK2;Onshore Wind;158,875000;171,583328;173,666672;185,541672;178,833328;2024-03-14 15:01;2024-03-14 16:01
2024-03-14 16:00;2024-03-14 17:00;DK2;Onshore Wind;122,000000;138,625000;163,000000;159,250000;194,708328;2024-03-14 16:02;2024-03-14 17:02
2024-03-14 17:00;2024-03-14 18:00;DK2;Onshore Wind;86,208336;109,333336;136,375000;170,916672;158,666672;2024-03-14 16:57;2024-03-14 17:57
2024-03-14 18:00;2024-03-14 19:00;DK2;Onshore Wind;92,333336;106,958336;129,541672;163,625000;145,958328;2024-03-14 18:01;2024-03-14 19:01
2024-03-14 19:00;2024-03-14 20:00;DK2;Onshore Wind;133,166672;140,500000;166,000000;177,125000;164,541672;2024-03-14 18:58;2024-03-14 19:58
2024-03-14 20:00;2024-03-14 21:00;DK2;Onshore Wind;169,041672;175,958328;195,541672;189,291672;267,833344;2024-03-14 19:58;2024-03-14 20:58
2024-03-14 21:00;2024-03-14 22:00;DK2;Onshore Wind;182,708328;195,541672;238,625000;271,208344;309,291656;2024-03-14 21:03;2024-03-14 22:03
2024-03-14 22:00;2024-03-14 23:00;DK2;Onshore Wind;196,166672;191,583328;234,750000;288,875000;315,250000;2024-03-14 21:58;2024-03-14 22:58
2024-03-14 23:00;2024-03-15 00:00;DK2;Onshore Wind;241,291672;335,875000;222,583328;306,041656;335,875000;2024-03-14 22:58;2024-03-14 23:58
2024-03-15 00:00;2024-03-15 01:00;DK2;Onshore Wind;228,708328;312,250000;199,750000;288,166656;312,250000;2024-03-15 00:01;2024-03-15 01:01
2024-03-15 01:00;2024-03-15 02:00;DK2;Onshore Wind;204,500000;273,166656;211,791672;277,833344;273,166656;2024-03-15 01:01;2024-03-15 02:01
2024-03-15 02:00;2024-03-15 03:00;DK2;Onshore Wind;185,291672;261,500000;207,416672;244,291672;261,500000;2024-03-15 01:58;2024-03-15 02:58
2024-03-15 03:00;2024-03-15 04:00;DK2;Onshore Wind;177,875000;254,041672;208,958328;236,583328;254,041672;2024-03-15 03:03;2024-03-15 04:03
2024-03-15 04:00;2024-03-15 05:00;DK2;Onshore Wind;176,041672;253,666672;222,625000;232,458328;253,666672;2024-03-15 04:01;2024-03-15 05:01
2024-03-15 05:00;2024-03-15 06:00;DK2;Onshore Wind;174,916672;251,958328;218,750000;227,375000;251,958328;2024-03-15 04:57;2024-03-15 05:57
2024-03-15 06:00;2024-03-15 07:00;DK2;Onshore Wind;172,250000;280,375000;169,250000;233,125000;280,375000;2024-03-15 06:03;2024-03-15 07:03
2024-03-15 07:00;2024-03-15 08:00;DK2;Onshore Wind;205,208328;264,958344;198,958328;285,041656;264,958344;2024-03-15 06:58;2024-03-15 07:58
2024-03-15 08:00;2024-03-15 09:00;DK2;Onshore Wind;223,125000;260,875000;201,333328;260,875000;235,208328;2024-03-15 07:58;2024-03-15 08:58
2024-03-15 09:00;2024-03-15 10:00;DK2;Onshore Wind;224,583328;236,500000;216,666672;213,875000;221,625000;2024-03-15 09:03;2024-03-15 10:03
2024-03-15 10:00;2024-03-15 11:00;DK2;Onshore Wind;250,041672;246,416672;232,625000;222,208328;246,416672;2024-03-15 09:58;2024-03-15 10:58
2024-03-15 11:00;2024-03-15 12:00;DK2;Onshore Wind;235,333328;238,416672;239,166672;245,583328;264,083344;2024-03-15 10:57;2024-03-15 11:57
2024-03-15 12:00;2024-03-15 13:00;DK2;Onshore Wind;221,166672;218,166672;218,166672;245,458328;267,791656;2024-03-15 12:01;2024-03-15 13:01
2024-03-15 13:00;2024-03-15 14:00;DK2;Onshore Wind;220,666672;200,375000;184,333328;243,333328;295,500000;2024-03-15 12:58;2024-03-15 13:58
2024-03-15 14:00;2024-03-15 15:00;DK2;Onshore Wind;214,750000;190,500000;177,291672;262,500000;284,083344;2024-03-15 13:58;2024-03-15 14:58
2024-03-15 15:00;2024-03-15 16:00;DK2;Onshore Wind;196,875000;180,291672;185,250000;264,458344;298,791656;2024-03-15 15:03;2024-03-15 16:03
2024-03-15 16:00;2024-03-15 17:00;DK2;Onshore Wind;147,500000;152,250000;172,500000;273,125000;252,833328;2024-03-15 16:01;2024-03-15 17:01
2024-03-15 17:00;2024-03-15 18:00;DK2;Onshore Wind;101,500000;122,291664;166,916672;217,875000;215,041672;2024-03-15 16:58;2024-03-15 17:58
2024-03-15 18:00;2024-03-15 19:00;DK2;Onshore Wind;107,500000;128,291672;197,666672;215,416672;249,458328;2024-03-15 18:03;2024-03-15 19:03
2024-03-15 19:00;2024-03-15 20:00;DK2;Onshore Wind;146,958328;166,083328;229,416672;269,375000;278,833344;2024-03-15 19:01;2024-03-15 20:01
2024-03-15 20:00;2024-03-15 21:00;DK2;Onshore Wind;188,125000;203,916672;270,875000;295,291656;335,875000;2024-03-15 19:57;2024-03-15 20:57
2024-03-15 21:00;2024-03-15 22:00;DK2;Onshore Wind;213,416672;233,625000;271,458344;332,041656;323,166656;2024-03-15 21:01;2024-03-15 22:01
2024-03-15 22:00;2024-03-15 23:00;DK2;Onshore Wind;234,958328;251,458328;307,875000;306,708344;343,083344;2024-03-15 22:01;2024-03-15 23:01
2024-03-15 23:00;2024-03-16 00:00;DK2;Onshore Wind;301,791656;366,916656;303,166656;333,583344;366,916656;2024-03-15 23:00;2024-03-16 00:00
2024-03-16 00:00;2024-03-16 01:00;DK2;Onshore Wind;291,708344;360,833344;288,041656;346,916656;360,833344;2024-03-16 00:01;2024-03-16 01:01
2024-03-16 01:00;2024-03-16 02:00;DK2;Onshore Wind;289,375000;369,583344;317,333344;352,750000;369,583344;2024-03-16 01:01;2024-03-16 02:01
2024-03-16 02:00;2024-03-16 03:00;DK2;Onshore Wind;301,166656;377,583344;316,541656;374,041656;377,583344;2024-03-16 01:57;2024-03-16 02:57
2024-03-16 03:00;2024-03-16 04:00;DK2;Onshore Wind;311,458344;386,416656;346,208344;373,291656;386,416656;2024-03-16 03:01;2024-03-16 04:01
2024-03-16 04:00;2024-03-16 05:00;DK2;Onshore Wind;314,416656;409,833344;364,375000;374,541656;409,833344;2024-03-16 04:01;2024-03-16 05:01
2024-03-16 05:00;2024-03-16 06:00;DK2;Onshore Wind;327,041656;392,375000;337,291656;382,791656;392,375000;2024-03-16 04:58;2024-03-16 05:58
2024-03-16 06:00;2024-03-16 07:00;DK2;Onshore Wind;325,000000;404,416656;331,833344;373,583344;404,416656;2024-03-16 06:01;2024-03-16 07:01
2024-03-16 07:00;2024-03-16 08:00;DK2;Onshore Wind;373,416656;463,125000;368,250000;439,750000;463,125000;2024-03-16 06:58;2024-03-16 07:58
2024-03-16 08:00;2024-03-16 09:00;DK2;Onshore Wind;414,041656;482,875000;399,833344;482,875000;437,791656;2024-03-16 07:58;2024-03-16 08:58
2024-03-16 09:00;2024-03-16 10:00;DK2;Onshore Wind;434,083344;475,750000;423,416656;421,625000;467,666656;2024-03-16 09:01;2024-03-16 10:01
2024-03-16 10:00;2024-03-16 11:00;DK2;Onshore Wind;493,666656;508,166656;469,000000;472,708344;497,000000;2024-03-16 10:01;2024-03-16 11:01
2024-03-16 11:00;2024-03-16 12:00;DK2;Onshore Wind;510,916656;524,583313;517,208313;505,250000;522,666687;2024-03-16 10:57;2024-03-16 11:57
2024-03-16 12:00;2024-03-16 13:00;DK2;Onshore Wind;519,250000;531,000000;531,000000;533,875000;569,833313;2024-03-16 12:06;2024-03-16 13:06
2024-03-16 13:00;2024-03-16 14:00;DK2;Onshore Wind;530,666687;542,791687;489,333344;571,041687;597,708313;2024-03-16 13:01;2024-03-16 14:01
2024-03-16 14:00;2024-03-16 15:00;DK2;Onshore Wind;536,833313;562,833313;512,333313;591,541687;612,166687;2024-03-16 13:57;2024-03-16 14:57
2024-03-16 15:00;2024-03-16 16:00;DK2;Onshore Wind;549,750000;556,708313;511,583344;582,250000;603,958313;2024-03-16 15:01;2024-03-16 16:01
2024-03-16 16:00;2024-03-16 17:00;DK2;Onshore Wind;541,375000;542,541687;497,500000;558,416687;584,833313;2024-03-16 16:01;2024-03-16 17:01
2024-03-16 17:00;2024-03-16 18:00;DK2;Onshore Wind;482,166656;485,125000;453,416656;532,791687;547,791687;2024-03-16 16:58;2024-03-16 17:58
2024-03-16 18:00;2024-03-16 19:00;DK2;Onshore Wind;460,833344;456,125000;443,166656;528,041687;562,666687;2024-03-16 18:01;2024-03-16 19:01
2024-03-16 19:00;2024-03-16 20:00;DK2;Onshore Wind;471,208344;475,708344;447,208344;546,041687;542,625000;2024-03-16 19:01;2024-03-16 20:01
2024-03-16 20:00;2024-03-16 21:00;DK2;Onshore Wind;478,750000;487,750000;441,625000;521,333313;534,250000;2024-03-16 19:58;2024-03-16 20:58
2024-03-16 21:00;2024-03-16 22:00;DK2;Onshore Wind;456,750000;470,041656;466,666656;495,000000;525,541687;2024-03-16 21:03;2024-03-16 22:03
2024-03-16 22:00;2024-03-16 23:00;DK2;Onshore Wind;436,208344;450,500000;431,333344;478,541656;511,000000;2024-03-16 21:58;2024-03-16 22:58
2024-03-16 23:00;2024-03-17 00:00;DK2;Onshore Wind;384,083344;464,708344;392,625000;440,833344;464,708344;2024-03-16 22:57;2024-03-16 23:57
2024-03-17 00:00;2024-03-17 01:00;DK2;Onshore Wind;344,458344;411,958344;349,666656;410,333344;411,958344;2024-03-17 00:01;2024-03-17 01:01
2024-03-17 01:00;2024-03-17 02:00;DK2;Onshore Wind;309,333344;362,541656;305,833344;353,791656;362,541656;2024-03-17 01:02;2024-03-17 02:02
2024-03-17 02:00;2024-03-17 03:00;DK2;Onshore Wind;278,750000;271,208344;277,375000;303,666656;271,208344;2024-03-17 01:58;2024-03-17 02:58
2024-03-17 03:00;2024-03-17 04:00;DK2;Onshore Wind;234,416672;216,791672;248,916672;226,041672;216,791672;2024-03-17 03:03;2024-03-17 04:03
2024-03-17 04:00;2024-03-17 05:00;DK2;Onshore Wind;174,708328;171,291672;207,541672;178,625000;171,291672;2024-03-17 04:01;2024-03-17 05:01
2024-03-17 05:00;2024-03-17 06:00;DK2;Onshore Wind;133,083328;148,291672;148,375000;131,666672;148,291672;2024-03-17 04:58;2024-03-17 05:58
2024-03-17 06:00;2024-03-17 07:00;DK2;Onshore Wind;109,083336;141,333328;126,666664;124,291664;141,333328;2024-03-17 06:05;2024-03-17 07:05
2024-03-17 07:00;2024-03-17 08:00;DK2;Onshore Wind;105,583336;141,708328;109,416664;126,000000;141,708328;2024-03-17 06:58;2024-03-17 07:58
2024-03-17 08:00;2024-03-17 09:00;DK2;Onshore Wind;95,500000;124,958336;100,666664;124,958336;137,666672;2024-03-17 07:58;2024-03-17 08:58
2024-03-17 09:00;2024-03-17 10:00;DK2;Onshore Wind;71,666664;105,208336;83,250000;112,875000;131,416672;2024-03-17 09:03;2024-03-17 10:03
2024-03-17 10:00;2024-03-17 11:00;DK2;Onshore Wind;56,458332;85,416664;71,375000;103,166664;85,583336;2024-03-17 10:01;2024-03-17 11:01
2024-03-17 11:00;2024-03-17 12:00;DK2;Onshore Wind;45,833332;71,000000;63,083332;71,916664;68,333336;2024-03-17 10:57;2024-03-17 11:57
2024-03-17 12:00;2024-03-17 13:00;DK2;Onshore Wind;40,375000;61,250000;61,250000;55,708332;43,083332;2024-03-17 12:05;2024-03-17 13:05
2024-03-17 13:00;2024-03-17 14:00;DK2;Onshore Wind;35,541668;53,791668;56,625000;37,833332;41,750000;2024-03-17 13:01;2024-03-17 14:01
2024-03-17 14:00;2024-03-17 15:00;DK2;Onshore Wind;30,916666;46,041668;55,291668;37,125000;38,291668;2024-03-17 14:00;2024-03-17 15:00
2024-03-17 15:00;2024-03-17 16:00;DK2;Onshore Wind;28,125000;40,500000;43,458332;35,916668;34,708332;2024-03-17 15:02;2024-03-17 16:02
2024-03-17 16:00;2024-03-17 17:00;DK2;Onshore Wind;29,000000;39,625000;38,833332;34,333332;33,000000;2024-03-17 15:57;2024-03-17 16:57
2024-03-17 17:00;2024-03-17 18:00;DK2;Onshore Wind;29,750000;37,916668;30,500000;33,375000;37,291668;2024-03-17 16:57;2024-03-17 17:57
2024-03-17 18:00;2024-03-17 19:00;DK2;Onshore Wind;35,291668;37,666668;37,708332;41,500000;49,500000;2024-03-17 18:02;2024-03-17 19:02
2024-03-17 19:00;2024-03-17 20:00;DK2;Onshore Wind;54,333332;51,041668;53,083332;59,208332;65,000000;2024-03-17 18:57;2024-03-17 19:57
2024-03-17 20:00;2024-03-17 21:00;DK2;Onshore Wind;74,958336;68,666664;69,458336;77,458336;79,583336;2024-03-17 19:57;2024-03-17 20:57
2024-03-17 21:00;2024-03-17 22:00;DK2;Onshore Wind;81,916664;85,666664;81,375000;88,166664;78,916664;2024-03-17 21:02;2024-03-17 22:02
2024-03-17 22:00;2024-03-17 23:00;DK2;Onshore Wind;86,833336;93,833336;96,458336;86,833336;85,625000;2024-03-17 22:00;2024-03-17 23:00
2024-03-17 23:00;2024-03-18 00:00;DK2;Onshore Wind;105,625000;104,583336;105,666664;98,291664;104,583336;2024-03-17 22:57;2024-03-17 23:57
2024-03-18 00:00;2024-03-18 01:00;DK2;Onshore Wind;109,125000;112,291664;110,166664;106,791664;112,291664;2024-03-18 00:02;2024-03-18 01:02
2024-03-18 01:00;2024-03-18 02:00;DK2;Onshore Wind;116,666664;130,000000;116,875000;117,000000;130,000000;2024-03-18 00:57;2024-03-18 01:57
2024-03-18 02:00;2024-03-18 03:00;DK2;Onshore Wind;124,000000;137,916672;119,375000;134,625000;137,916672;2024-03-18 01:57;2024-03-18 02:57
2024-03-18 03:00;2024-03-18 04:00;DK2;Onshore Wind;131,541672;129,833328;129,458328;147,000000;129,833328;2024-03-18 03:02;2024-03-18 04:02
2024-03-18 04:00;2024-03-18 05:00;DK2;Onshore Wind;140,375000;128,500000;131,375000;138,458328;128,500000;2024-03-18 03:57;2024-03-18 04:57
2024-03-18 05:00;2024-03-18 06:00;DK2;Onshore Wind;145,500000;128,000000;138,458328;122,875000;128,000000;2024-03-18 04:57;2024-03-18 05:57
2024-03-18 06:00;2024-03-18 07:00;DK2;Onshore Wind;146,625000;152,000000;146,416672;124,875000;152,000000;2024-03-18 06:02;2024-03-18 07:02
2024-03-18 07:00;2024-03-18 08:00;DK2;Onshore Wind;173,333328;148,250000;164,500000;169,166672;148,250000;2024-03-18 06:57;2024-03-18 07:57
2024-03-18 08:00;2024-03-18 09:00;DK2;Onshore Wind;181,666672;153,500000;167,375000;153,500000;126,208336;2024-03-18 07:57;2024-03-18 08:57
2024-03-18 09:00;2024-03-18 10:00;DK2;Onshore Wind;170,916672;143,291672;156,791672;120,958336;182,958328;2024-03-18 09:02;2024-03-18 10:02
2024-03-18 10:00;2024-03-18 11:00;DK2;Onshore Wind;161,708328;137,333328;141,416672;165,041672;169,625000;2024-03-18 10:00;2024-03-18 11:00
2024-03-18 11:00;2024-03-18 12:00;DK2;Onshore Wind;160,041672;137,375000;152,166672;165,833328;149,333328;2024-03-18 11:00;2024-03-18 12:00
2024-03-18 12:00;2024-03-18 13:00;DK2;Onshore Wind;164,250000;149,000000;149,000000;158,208328;164,250000;2024-03-18 12:04;2024-03-18 13:04
2024-03-18 13:00;2024-03-18 14:00;DK2;Onshore Wind;170,083328;162,583328;147,041672;173,166672;165,041672;2024-03-18 12:57;2024-03-18 13:57
2024-03-18 14:00;2024-03-18 15:00;DK2;Onshore Wind;174,333328;169,791672;181,000000;170,166672;180,791672;2024-03-18 14:00;2024-03-18 15:00
2024-03-18 15:00;2024-03-18 16:00;DK2;Onshore Wind;174,333328;175,125000;189,375000;187,000000;190,958328;2024-03-18 15:02;2024-03-18 16:02
2024-03-18 16:00;2024-03-18 17:00;DK2;Onshore Wind;174,166672;179,916672;190,166672;201,708328;228,041672;2024-03-18 15:57;2024-03-18 16:57
2024-03-18 17:00;2024-03-18 18:00;DK2;Onshore Wind;169,833328;182,208328;207,500000;238,208328;233,041672;2024-03-18 16:57;2024-03-18 17:57
2024-03-18 18:00;2024-03-18 19:00;DK2;Onshore Wind;176,333328;193,958328;211,166672;246,458328;217,916672;2024-03-18 18:02;2024-03-18 19:02
2024-03-18 19:00;2024-03-18 20:00;DK2;Onshore Wind;186,125000;209,083328;232,708328;228,791672;232,750000;2024-03-18 18:57;2024-03-18 19:57
2024-03-18 20:00;2024-03-18 21:00;DK2;Onshore Wind;187,750000;204,291672;227,500000;227,000000;234,916672;2024-03-18 19:57;2024-03-18 20:57
2024-03-18 21:00;2024-03-18 22:00;DK2;Onshore Wind;174,708328;183,416672;221,333328;215,375000;228,041672;2024-03-18 21:02;2024-03-18 22:02
2024-03-18 22:00;2024-03-18 23:00;DK2;Onshore Wind;159,291672;165,500000;196,333328;213,625000;227,291672;2024-03-18 22:00;2024-03-18 23:00
2024-03-18 23:00;2024-03-19 00:00;DK2;Onshore Wind;183,583328;194,291672;173,416672;205,666672;194,291672;2024-03-18 22:57;2024-03-18 23:57
2024-03-19 00:00;2024-03-19 01:00;DK2;Onshore Wind;177,333328;178,083328;174,333328;187,166672;178,083328;2024-03-19 00:02;2024-03-19 01:02
2024-03-19 01:00;2024-03-19 02:00;DK2;Onshore Wind;173,166672;178,916672;182,500000;176,208328;178,916672;2024-03-19 01:00;2024-03-19 02:00
2024-03-19 02:00;2024-03-19 03:00;DK2;Onshore Wind;173,541672;190,625000;183,041672;178,541672;190,625000;2024-03-19 01:57;2024-03-19 02:57
2024-03-19 03:00;2024-03-19 04:00;DK2;Onshore Wind;171,083328;188,208328;193,125000;189,750000;188,208328;2024-03-19 03:01;2024-03-19 04:01
2024-03-19 04:00;2024-03-19 05:00;DK2;Onshore Wind;164,916672;203,541672;188,583328;184,458328;203,541672;2024-03-19 04:00;2024-03-19 05:00
2024-03-19 05:00;2024-03-19 06:00;DK2;Onshore Wind;162,625000;195,875000;176,666672;192,500000;195,875000;2024-03-19 04:57;2024-03-19 05:57
2024-03-19 06:00;2024-03-19 07:00;DK2;Onshore Wind;159,791672;201,166672;177,750000;189,416672;201,166672;2024-03-19 06:02;2024-03-19 07:02
2024-03-19 07:00;2024-03-19 08:00;DK2;Onshore Wind;184,041672;235,333328;213,166672;224,708328;235,333328;2024-03-19 06:57;2024-03-19 07:57
2024-03-19 08:00;2024-03-19 09:00;DK2;Onshore Wind;202,583328;246,250000;223,458328;246,250000;258,291656;2024-03-19 07:57;2024-03-19 08:57
2024-03-19 09:00;2024-03-19 10:00;DK2;Onshore Wind;213,208328;244,625000;237,375000;247,416672;260,708344;2024-03-19 09:02;2024-03-19 10:02
2024-03-19 10:00;2024-03-19 11:00;DK2;Onshore Wind;224,125000;250,541672;240,916672;253,833328;249,458328;2024-03-19 09:57;2024-03-19 10:57
2024-03-19 11:00;2024-03-19 12:00;DK2;Onshore Wind;229,083328;254,458328;250,708328;246,958328;234,458328;2024-03-19 11:00;2024-03-19 12:00
2024-03-19 12:00;2024-03-19 13:00;DK2;Onshore Wind;225,708328;249,500000;249,500000;223,166672;226,166672;2024-03-19 12:02;2024-03-19 13:02
2024-03-19 13:00;2024-03-19 14:00;DK2;Onshore Wind;208,625000;231,291672;235,625000;206,083328;233,375000;2024-03-19 12:59;2024-03-19 13:59
2024-03-19 14:00;2024-03-19 15:00;DK2;Onshore Wind;186,666672;207,208328;216,625000;206,750000;228,166672;2024-03-19 13:57;2024-03-19 14:57
2024-03-19 15:00;2024-03-19 16:00;DK2;Onshore Wind;179,750000;197,208328;197,666672;205,791672;215,791672;2024-03-19 15:01;2024-03-19 16:01
2024-03-19 16:00;2024-03-19 17:00;DK2;Onshore Wind;174,416672;187,500000;173,916672;195,833328;189,541672;2024-03-19 15:58;2024-03-19 16:58
2024-03-19 17:00;2024-03-19 18:00;DK2;Onshore Wind;153,083328;167,291672;156,000000;170,750000;181,750000;2024-03-19 16:58;2024-03-19 17:58
2024-03-19 18:00;2024-03-19 19:00;DK2;Onshore Wind;157,875000;166,500000;182,708328;187,958328;203,041672;2024-03-19 18:03;2024-03-19 19:03
2024-03-19 19:00;2024-03-19 20:00;DK2;Onshore Wind;184,875000;184,458328;213,791672;222,208328;205,208328;2024-03-19 18:58;2024-03-19 19:58
2024-03-19 20:00;2024-03-19 21:00;DK2;Onshore Wind;199,125000;199,208328;230,333328;213,000000;209,291672;2024-03-19 19:58;2024-03-19 20:58
2024-03-19 21:00;2024-03-19 22:00;DK2;Onshore Wind;192,000000;207,250000;228,666672;204,166672;210,583328;2024-03-19 21:03;2024-03-19 22:03
2024-03-19 22:00;2024-03-19 23:00;DK2;Onshore Wind;184,500000;193,750000;221,666672;189,708328;197,791672;2024-03-19 21:58;2024-03-19 22:58
2024-03-19 23:00;2024-03-20 00:00;DK2;Onshore Wind;205,083328;191,958328;192,666672;179,833328;191,958328;2024-03-19 22:58;2024-03-19 23:58
2024-03-20 00:00;2024-03-20 01:00;DK2;Onshore Wind;177,750000;135,458328;154,541672;162,291672;135,458328;2024-03-20 00:03;2024-03-20 01:03
2024-03-20 01:00;2024-03-20 02:00;DK2;Onshore Wind;147,833328;121,166664;129,833328;112,250000;121,166664;2024-03-20 00:58;2024-03-20 01:58
2024-03-20 02:00;2024-03-20 03:00;DK2;Onshore Wind;114,250000;99,375000;101,500000;93,666664;99,375000;2024-03-20 01:58;2024-03-20 02:58
2024-03-20 03:00;2024-03-20 04:00;DK2;Onshore Wind;85,333336;72,250000;81,208336;75,916664;72,250000;2024-03-20 03:03;2024-03-20 04:03
2024-03-20 04:00;2024-03-20 05:00;DK2;Onshore Wind;57,916668;69,083336;64,500000;52,750000;69,083336;2024-03-20 03:58;2024-03-20 04:58
2024-03-20 05:00;2024-03-20 06:00;DK2;Onshore Wind;40,125000;62,958332;30,625000;48,958332;62,958332;2024-03-20 04:58;2024-03-20 05:58
2024-03-20 06:00;2024-03-20 07:00;DK2;Onshore Wind;30,041666;45,166668;26,166666;49,375000;45,166668;2024-03-20 06:01;2024-03-20 07:01
2024-03-20 07:00;2024-03-20 08:00;DK2;Onshore Wind;26,625000;29,375000;18,666666;36,583332;29,375000;2024-03-20 06:58;2024-03-20 07:58
2024-03-20 08:00;2024-03-20 09:00;DK2;Onshore Wind;21,875000;23,208334;13,583333;23,208334;24,541666;2024-03-20 07:57;2024-03-20 08:57
2024-03-20 09:00;2024-03-20 10:00;DK2;Onshore Wind;16,500000;21,000000;19,666666;22,625000;28,916666;2024-03-20 09:02;2024-03-20 10:02
2024-03-20 10:00;2024-03-20 11:00;DK2;Onshore Wind;14,791667;21,000000;26,375000;27,625000;30,541666;2024-03-20 10:01;2024-03-20 11:01
2024-03-20 11:00;2024-03-20 12:00;DK2;Onshore Wind;14,000000;22,250000;26,458334;29,333334;28,791666;2024-03-20 10:57;2024-03-20 11:57
2024-03-20 12:00;2024-03-20 13:00;DK2;Onshore Wind;14,000000;22,458334;22,458334;27,375000;28,083334;2024-03-20 12:01;2024-03-20 13:01
2024-03-20 13:00;2024-03-20 14:00;DK2;Onshore Wind;14,000000;21,458334;21,166666;26,458334;28,750000;2024-03-20 12:58;2024-03-20 13:58
2024-03-20 14:00;2024-03-20 15:00;DK2;Onshore Wind;12,750000;20,041666;24,625000;27,333334;27,708334;2024-03-20 13:57;2024-03-20 14:57
2024-03-20 15:00;2024-03-20 16:00;DK2;Onshore Wind;10,791667;19,541666;23,833334;24,250000;25,750000;2024-03-20 15:03;2024-03-20 16:03
2024-03-20 16:00;2024-03-20 17:00;DK2;Onshore Wind;8,166667;19,000000;21,375000;21,833334;25,500000;2024-03-20 15:58;2024-03-20 16:58
2024-03-20 17:00;2024-03-20 18:00;DK2;Onshore Wind;5,750000;15,958333;20,041666;22,750000;24,666666;2024-03-20 16:58;2024-03-20 17:58
2024-03-20 18:00;2024-03-20 19:00;DK2;Onshore Wind;5,750000;11,708333;20,833334;21,916666;25,833334;2024-03-20 18:03;2024-03-20 19:03
2024-03-20 19:00;2024-03-20 20:00;DK2;Onshore Wind;8,791667;13,416667;21,583334;24,125000;30,000000;2024-03-20 18:58;2024-03-20 19:58
2024-03-20 20:00;2024-03-20 21:00;DK2;Onshore Wind;12,500000;20,958334;25,708334;32,083332;34,291668;2024-03-20 19:58;2024-03-20 20:58
2024-03-20 21:00;2024-03-20 22:00;DK2;Onshore Wind;15,666667;33,791668;33,125000;39,291668;47,541668;2024-03-20 21:03;2024-03-20 22:03
2024-03-20 22:00;2024-03-20 23:00;DK2;Onshore Wind;20,958334;46,708332;41,625000;55,541668;57,416668;2024-03-20 21:58;2024-03-20 22:58
